target,target_display,stratifier,quartile,n,mean_delta_2y,sd_delta_2y_within_quartile,band_mean_minus_sd,band_mean_plus_sd,n_participants_analysis
AHI (SM),AHI,measured_baseline,Q1,944,1.948157858427013,3.9580536659925856,-2.009895807565573,5.906211524419598,3774
AHI (SM),AHI,measured_baseline,Q2,943,1.9163355082434863,5.01612127065663,-3.099785762413143,6.932456778900116,3774
AHI (SM),AHI,measured_baseline,Q3,944,0.9755902087039543,6.3935146098968,-5.417924401192846,7.369104818600754,3774
AHI (SM),AHI,measured_baseline,Q4,943,-3.2066625372052866,8.930513330609745,-12.137175867815031,5.723850793404459,3774
AHI (SM),AHI,predicted_baseline,Q1,944,1.5200238842656721,4.140099378331216,-2.620075494065544,5.660123262596889,3774
AHI (SM),AHI,predicted_baseline,Q2,943,1.0980357060018004,5.834788591131631,-4.736752885129831,6.932824297133432,3774
AHI (SM),AHI,predicted_baseline,Q3,943,0.4843328401818663,6.888729859876115,-6.404397019694248,7.373062700057981,3774
AHI (SM),AHI,predicted_baseline,Q4,944,-1.4659282825607385,8.694647498758034,-10.160575781318773,7.2287192161972955,3774
ALT\GPT (BT),ALT\GPT,measured_baseline,Q1,297,1.667929292929293,3.822506074429796,-2.154576781500503,5.490435367359089,1066
ALT\GPT (BT),ALT\GPT,measured_baseline,Q2,243,1.4819615912208506,5.227775157442595,-3.7458135662217447,6.709736748663445,1066
ALT\GPT (BT),ALT\GPT,measured_baseline,Q3,262,0.35046150117414043,7.504795445687715,-7.154333944513574,7.855256946861855,1066
ALT\GPT (BT),ALT\GPT,measured_baseline,Q4,264,-4.724659485892467,10.786651582802953,-15.51131106869542,6.061992096910487,1066
ALT\GPT (BT),ALT\GPT,predicted_baseline,Q1,267,-0.39301804749376584,6.785649108981577,-7.178667156475343,6.392631061487811,1066
ALT\GPT (BT),ALT\GPT,predicted_baseline,Q2,266,0.5256036396958739,7.76856206090891,-7.242958421213036,8.294165700604784,1066
ALT\GPT (BT),ALT\GPT,predicted_baseline,Q3,266,-0.40868968082237284,7.839577244478094,-8.248266925300467,7.4308875636557215,1066
ALT\GPT (BT),ALT\GPT,predicted_baseline,Q4,267,-0.8470442647222302,8.372519255868946,-9.219563520591176,7.525474991146716,1066
AST\GOT (BT),AST\GOT,measured_baseline,Q1,240,1.502370919271208,3.8299438139515116,-2.3275728946803036,5.33231473322272,940
AST\GOT (BT),AST\GOT,measured_baseline,Q2,233,1.064561580020907,3.8567735310419686,-2.792211951021062,4.921335111062875,940
AST\GOT (BT),AST\GOT,measured_baseline,Q3,234,0.6204821224441053,4.673512630661964,-4.053030508217859,5.29399475310607,940
AST\GOT (BT),AST\GOT,measured_baseline,Q4,233,-2.5508994755254903,5.93041252581214,-8.481312001337631,3.3795130502866497,940
AST\GOT (BT),AST\GOT,predicted_baseline,Q1,235,-0.2806283767512402,4.720442265134801,-5.001070641886041,4.4398138883835605,940
AST\GOT (BT),AST\GOT,predicted_baseline,Q2,235,0.9124719463447786,4.885835443066134,-3.9733634967213556,5.798307389410913,940
AST\GOT (BT),AST\GOT,predicted_baseline,Q3,235,-0.10693011033006122,5.169785458426805,-5.276715568756866,5.062855348096744,940
AST\GOT (BT),AST\GOT,predicted_baseline,Q4,235,0.15357636041500233,4.777415143014594,-4.623838782599592,4.930991503429596,940
Albumin (BT),Albumin,measured_baseline,Q1,179,0.11785754189944142,0.14935604712030232,-0.031498505220860895,0.26721358901974374,715
Albumin (BT),Albumin,measured_baseline,Q2,185,0.04478401619073,0.1764314712955396,-0.1316474551048096,0.2212154874862696,715
Albumin (BT),Albumin,measured_baseline,Q3,174,0.019880268199233695,0.15799920896098688,-0.13811894076175318,0.17787947716022057,715
Albumin (BT),Albumin,measured_baseline,Q4,177,-0.07579096045197738,0.22133182857316178,-0.29712278902513917,0.14554086812118439,715
Albumin (BT),Albumin,predicted_baseline,Q1,179,0.04424767649465834,0.17985203840554653,-0.1356043619108882,0.22409971490020486,715
Albumin (BT),Albumin,predicted_baseline,Q2,179,0.031391992551210446,0.1816716363727756,-0.15027964382156517,0.21306362892398606,715
Albumin (BT),Albumin,predicted_baseline,Q3,178,0.014016853932584278,0.20386286678198628,-0.189846012849402,0.21787972071457057,715
Albumin (BT),Albumin,predicted_baseline,Q4,179,0.018945301132632496,0.19783958224309087,-0.17889428111045838,0.21678488337572335,715
Android tissue fat percent (DXA),Android tissue fat percent,measured_baseline,Q1,1021,1.5014273714985304,4.754216269214331,-3.252788897715801,6.2556436407128615,4081
Android tissue fat percent (DXA),Android tissue fat percent,measured_baseline,Q2,1020,0.35229747058823513,4.748517637226803,-4.396220166638568,5.1008151078150386,4081
Android tissue fat percent (DXA),Android tissue fat percent,measured_baseline,Q3,1020,-0.3177046639215688,4.5833446686186425,-4.901049332540211,4.265640004697074,4081
Android tissue fat percent (DXA),Android tissue fat percent,measured_baseline,Q4,1020,-0.9300493252941177,4.375931740945983,-5.305981066240101,3.4458824156518655,4081
Android tissue fat percent (DXA),Android tissue fat percent,predicted_baseline,Q1,1021,0.5025550108716944,4.941061802794554,-4.438506791922859,5.443616813666249,4081
Android tissue fat percent (DXA),Android tissue fat percent,predicted_baseline,Q2,1020,0.2718742450980389,4.842915524135873,-4.571041279037834,5.114789769233912,4081
Android tissue fat percent (DXA),Android tissue fat percent,predicted_baseline,Q3,1020,0.07473063803921551,4.570740443651634,-4.4960098056124185,4.64547108169085,4081
Android tissue fat percent (DXA),Android tissue fat percent,predicted_baseline,Q4,1020,-0.24220975450980392,4.416323333747617,-4.658533088257421,4.1741135792378135,4081
Average width (FI),Average width,measured_baseline,Q1,434,757.8394487254466,742.1220661763343,15.717382549112244,1499.961514901781,1736
Average width (FI),Average width,measured_baseline,Q2,434,599.8012520902219,832.055514710837,-232.25426262061512,1431.8567668010587,1736
Average width (FI),Average width,measured_baseline,Q3,434,519.2943098266916,877.6588075117152,-358.3644976850236,1396.9531173384066,1736
Average width (FI),Average width,measured_baseline,Q4,434,84.12443401578723,1099.6045296685795,-1015.4800956527923,1183.7289636843668,1736
Average width (FI),Average width,predicted_baseline,Q1,434,461.1462568456835,880.3003683381586,-419.15411149247507,1341.4466251838421,1736
Average width (FI),Average width,predicted_baseline,Q2,434,440.7592628032558,828.4124849904206,-387.6532221871648,1269.1717477936763,1736
Average width (FI),Average width,predicted_baseline,Q3,434,596.3593273806067,1041.513891326723,-445.15456394611635,1637.8732187073297,1736
Average width (FI),Average width,predicted_baseline,Q4,434,462.79459762860125,954.5406530115413,-491.74605538294,1417.3352506401425,1736
CRP (BT),CRP,measured_baseline,Q1,34,0.028112745098039214,0.06643055056318849,-0.03831780546514928,0.0945432956612277,135
CRP (BT),CRP,measured_baseline,Q2,34,0.13681372549019608,0.6551526369620747,-0.5183389114718786,0.7919663624522708,135
CRP (BT),CRP,measured_baseline,Q3,33,0.03358585858585856,0.26032402392529946,-0.2267381653394409,0.293909882511158,135
CRP (BT),CRP,measured_baseline,Q4,34,-0.5147626145760065,1.3530858423932979,-1.8678484569693043,0.8383232278172914,135
CRP (BT),CRP,predicted_baseline,Q1,34,0.0698529411764706,0.21160456722357207,-0.14175162604710145,0.2814575084000427,135
CRP (BT),CRP,predicted_baseline,Q2,34,-0.07451366022917971,1.0056054277510333,-1.0801190879802132,0.9310917675218536,135
CRP (BT),CRP,predicted_baseline,Q3,33,-0.23626659942804376,0.9350349569143634,-1.1713015563424072,0.6987683574863197,135
CRP (BT),CRP,predicted_baseline,Q4,34,-0.08325980392156865,0.804303774035598,-0.8875635779571667,0.7210439701140294,135
Carotid - intima media thickness (US),Carotid - intima media thickness,measured_baseline,Q1,1042,0.07038387715930902,0.07455990924359639,-0.004176032084287365,0.1449437864029054,4135
Carotid - intima media thickness (US),Carotid - intima media thickness,measured_baseline,Q2,1032,0.04599047260673238,0.08501072508563365,-0.03902025247890127,0.131001197692366,4135
Carotid - intima media thickness (US),Carotid - intima media thickness,measured_baseline,Q3,1027,0.01652385589094452,0.09462319684733149,-0.07809934095638697,0.111147052738276,4135
Carotid - intima media thickness (US),Carotid - intima media thickness,measured_baseline,Q4,1034,-0.046675013467638624,0.12412221311425757,-0.1707972265818962,0.07744719964661895,4135
Carotid - intima media thickness (US),Carotid - intima media thickness,predicted_baseline,Q1,1034,0.016708394855405748,0.0944864587339295,-0.07777806387852375,0.11119485358933524,4135
Carotid - intima media thickness (US),Carotid - intima media thickness,predicted_baseline,Q2,1034,0.018297862804878887,0.10207596765336029,-0.0837781048484814,0.12037383045823917,4135
Carotid - intima media thickness (US),Carotid - intima media thickness,predicted_baseline,Q3,1033,0.019989316313090602,0.1094414836094161,-0.08945216729632549,0.1294307999225067,4135
Carotid - intima media thickness (US),Carotid - intima media thickness,predicted_baseline,Q4,1034,0.031590686298310036,0.11554386569160485,-0.08395317939329482,0.14713455198991487,4135
Daily Fiber,Daily Fiber,measured_baseline,Q1,1084,0.0010021530589015323,0.002893939723311909,-0.0018917866644103767,0.003896092782213441,4333
Daily Fiber,Daily Fiber,measured_baseline,Q2,1083,0.000282847196295479,0.003175211233297347,-0.002892364037001868,0.003458058429592826,4333
Daily Fiber,Daily Fiber,measured_baseline,Q3,1083,-0.00027930531811647667,0.0034013687295531368,-0.0036806740476696136,0.00312206341143666,4333
Daily Fiber,Daily Fiber,measured_baseline,Q4,1083,-0.00203487473914533,0.004366538801447658,-0.006401413540592988,0.002331664062302328,4333
Daily Fiber,Daily Fiber,predicted_baseline,Q1,1084,-0.0002517964676482083,0.0036316429574278775,-0.0038834394250760857,0.0033798464897796692,4333
Daily Fiber,Daily Fiber,predicted_baseline,Q2,1083,-0.0001893461668207059,0.0035774703210611192,-0.0037668164878818253,0.003388124154240413,4333
Daily Fiber,Daily Fiber,predicted_baseline,Q3,1083,-0.00037790755823646256,0.0036625511889370257,-0.004040458747173488,0.0032846436307005632,4333
Daily Fiber,Daily Fiber,predicted_baseline,Q4,1083,-0.00020897176122779392,0.003835332959508724,-0.004044304720736518,0.00362636119828093,4333
Daily Folate,Daily Folate,measured_baseline,Q1,1084,0.026281131139693784,0.0449796643047324,-0.018698533165038618,0.07126079544442618,4333
Daily Folate,Daily Folate,measured_baseline,Q2,1083,0.015117637317194819,0.05895577457806974,-0.04383813726087492,0.07407341189526456,4333
Daily Folate,Daily Folate,measured_baseline,Q3,1083,0.0042195178726111915,0.05876095558477175,-0.05454143771216056,0.06298047345738295,4333
Daily Folate,Daily Folate,measured_baseline,Q4,1083,-0.02856928834479106,0.07465031036146029,-0.10321959870625134,0.046081022016669235,4333
Daily Folate,Daily Folate,predicted_baseline,Q1,1084,0.005158913319707659,0.06143850142496149,-0.05627958810525383,0.06659741474466915,4333
Daily Folate,Daily Folate,predicted_baseline,Q2,1083,0.003684890812230639,0.06397795803572989,-0.06029306722349925,0.06766284884796053,4333
Daily Folate,Daily Folate,predicted_baseline,Q3,1083,0.0026292359541256415,0.061381520077349705,-0.058752284123224065,0.06401075603147535,4333
Daily Folate,Daily Folate,predicted_baseline,Q4,1083,0.005595461331534903,0.06755953006379083,-0.06196406873225592,0.07315499139532573,4333
Fractal dimension (FI),Fractal dimension,measured_baseline,Q1,434,-0.019352874701229525,0.016202231784935867,-0.03555510648616539,-0.0031506429162936576,1736
Fractal dimension (FI),Fractal dimension,measured_baseline,Q2,434,-0.022014834497918065,0.01466846585189664,-0.03668330034981471,-0.0073463686460214245,1736
Fractal dimension (FI),Fractal dimension,measured_baseline,Q3,434,-0.023668704123630792,0.014474280183529321,-0.038142984307160115,-0.00919442394010147,1736
Fractal dimension (FI),Fractal dimension,measured_baseline,Q4,434,-0.02438461439483153,0.013084646557182273,-0.037469260952013805,-0.011299967837649258,1736
Fractal dimension (FI),Fractal dimension,predicted_baseline,Q1,434,-0.0225702624391463,0.016148407940988308,-0.03871867038013461,-0.006421854498157992,1736
Fractal dimension (FI),Fractal dimension,predicted_baseline,Q2,434,-0.022257606093007854,0.014405610567318297,-0.03666321666032615,-0.007851995525689557,1736
Fractal dimension (FI),Fractal dimension,predicted_baseline,Q3,434,-0.022130204010926538,0.014546920018489427,-0.03667712402941596,-0.007583283992437111,1736
Fractal dimension (FI),Fractal dimension,predicted_baseline,Q4,434,-0.02246295517452922,0.013905873229184703,-0.03636882840371392,-0.008557081945344517,1736
GGT (BT),GGT,measured_baseline,Q1,88,1.215530303030303,3.9680909541329425,-2.7525606511026393,5.183621257163246,321
GGT (BT),GGT,measured_baseline,Q2,73,0.5938356164383561,3.343957036799481,-2.7501214203611246,3.937792653237837,321
GGT (BT),GGT,measured_baseline,Q3,82,-0.6336287739312486,7.068824597236954,-7.702453371168203,6.435195823305706,321
GGT (BT),GGT,measured_baseline,Q4,78,-2.2363049434793774,12.293534745426385,-14.529839688905762,10.057229801947008,321
GGT (BT),GGT,predicted_baseline,Q1,81,0.7231018536219342,7.871444818721088,-7.148342965099154,8.594546672343021,321
GGT (BT),GGT,predicted_baseline,Q2,80,0.5213828133961045,8.865739635948467,-8.344356822552362,9.387122449344572,321
GGT (BT),GGT,predicted_baseline,Q3,80,0.017916666666666713,6.712954053433371,-6.695037386766705,6.730870720100038,321
GGT (BT),GGT,predicted_baseline,Q4,80,-2.222348586693568,6.416678367472055,-8.639026954165622,4.194329780778487,321
HDL cholesterol (BT),HDL cholesterol,measured_baseline,Q1,274,2.8628345498783454,5.974820530951904,-3.1119859810735586,8.837655080830249,1003
HDL cholesterol (BT),HDL cholesterol,measured_baseline,Q2,235,1.9570921985815601,6.026430335711034,-4.069338137129473,7.983522534292594,1003
HDL cholesterol (BT),HDL cholesterol,measured_baseline,Q3,248,2.4352822580645164,6.513341062454145,-4.078058804389628,8.94862332051866,1003
HDL cholesterol (BT),HDL cholesterol,measured_baseline,Q4,246,0.17361727516852563,8.350987637222172,-8.177370362053646,8.524604912390698,1003
HDL cholesterol (BT),HDL cholesterol,predicted_baseline,Q1,251,1.1482192538495932,5.88421468468717,-4.735995430837577,7.032433938536763,1003
HDL cholesterol (BT),HDL cholesterol,predicted_baseline,Q2,251,1.55730411686587,6.4819525344373305,-4.92464841757146,8.0392566513032,1003
HDL cholesterol (BT),HDL cholesterol,predicted_baseline,Q3,250,2.3945727320991628,7.359606549677356,-4.965033817578194,9.75417928177652,1003
HDL cholesterol (BT),HDL cholesterol,predicted_baseline,Q4,251,2.443281410161031,7.460424442778099,-5.017143032617068,9.90370585293913,1003
Hand Grip Left,Hand Grip Left,measured_baseline,Q1,1278,1.652766850446125,9.48914470485431,-7.836377854408185,11.141911555300435,5107
Hand Grip Left,Hand Grip Left,measured_baseline,Q2,1277,-2.2139389647481584,9.979880652717142,-12.193819617465302,7.765941687968984,5107
Hand Grip Left,Hand Grip Left,measured_baseline,Q3,1275,-1.095764710669424,12.381578369502577,-13.477343080172002,11.285813658833153,5107
Hand Grip Left,Hand Grip Left,measured_baseline,Q4,1277,-5.18817551059469,12.951969063753358,-18.14014457434805,7.763793553158668,5107
Hand Grip Left,Hand Grip Left,predicted_baseline,Q1,1277,-1.6936992829725344,9.023488393058685,-10.71718767603122,7.32978911008615,5107
Hand Grip Left,Hand Grip Left,predicted_baseline,Q2,1277,-1.6355520336536475,10.372226139422468,-12.007778173076115,8.73667410576882,5107
Hand Grip Left,Hand Grip Left,predicted_baseline,Q3,1276,-2.2267241956298256,12.910855629360041,-15.137579824989867,10.684131433730215,5107
Hand Grip Left,Hand Grip Left,predicted_baseline,Q4,1277,-1.287870126304537,13.36324355780341,-14.651113684107946,12.075373431498873,5107
Hand Grip Right,Hand Grip Right,measured_baseline,Q1,1289,1.3392087419981917,12.618032158134842,-11.27882341613665,13.957240900133034,5110
Hand Grip Right,Hand Grip Right,measured_baseline,Q2,1266,-2.9353871179794626,10.50573105993133,-13.441118177910793,7.570343941951867,5110
Hand Grip Right,Hand Grip Right,measured_baseline,Q3,1282,-1.6474259505963735,12.370001495007392,-14.017427445603765,10.722575544411018,5110
Hand Grip Right,Hand Grip Right,measured_baseline,Q4,1273,-6.252317247293357,16.73091169002285,-22.983228937316206,10.478594442729493,5110
Hand Grip Right,Hand Grip Right,predicted_baseline,Q1,1278,-1.8045383827973607,12.532169222495403,-14.336707605292764,10.727630839698042,5110
Hand Grip Right,Hand Grip Right,predicted_baseline,Q2,1277,-2.570242733160032,14.394581954510127,-16.96482468767016,11.824339221350094,5110
Hand Grip Right,Hand Grip Right,predicted_baseline,Q3,1277,-2.7175881259592605,13.283591828199885,-16.001179954159145,10.566003702240625,5110
Hand Grip Right,Hand Grip Right,predicted_baseline,Q4,1278,-2.3492956862949614,13.823995260361043,-16.173290946656003,11.474699574066081,5110
HbA1C (BT),HbA1C,measured_baseline,Q1,106,0.030078616352201278,0.23454248857252313,-0.20446387222032186,0.2646211049247244,424
HbA1C (BT),HbA1C,measured_baseline,Q2,131,0.0049491094147580805,0.20225955852359112,-0.19731044910883305,0.2072086679383492,424
HbA1C (BT),HbA1C,measured_baseline,Q3,101,-0.059768976897689396,0.2766824322519081,-0.3364514091495975,0.2169134553542187,424
HbA1C (BT),HbA1C,measured_baseline,Q4,86,-0.1912113564049449,0.35686758163341353,-0.5480789380383584,0.16565622522846862,424
HbA1C (BT),HbA1C,predicted_baseline,Q1,106,-0.04210173994229732,0.2311763718648518,-0.2732781118071491,0.18907463192255447,424
HbA1C (BT),HbA1C,predicted_baseline,Q2,106,-0.06396485329929148,0.24487508440970435,-0.3088399377089958,0.18091023111041288,424
HbA1C (BT),HbA1C,predicted_baseline,Q3,106,-0.02676100628930812,0.34307848258877355,-0.36983948887808166,0.31631747629946544,424
HbA1C (BT),HbA1C,predicted_baseline,Q4,106,-0.04306085943915259,0.276343306449093,-0.3194041658882456,0.2332824470099404,424
LDL cholesterol (BT),LDL cholesterol,measured_baseline,Q1,70,-0.23357142857143123,17.43048402345515,-17.66405545202658,17.19691259488372,279
LDL cholesterol (BT),LDL cholesterol,measured_baseline,Q2,70,5.514404761904762,19.507308589569003,-13.992903827664241,25.021713351473764,279
LDL cholesterol (BT),LDL cholesterol,measured_baseline,Q3,69,-7.201763285024154,27.312518670644753,-34.514281955668906,20.1107553856206,279
LDL cholesterol (BT),LDL cholesterol,measured_baseline,Q4,70,-17.456666666666667,34.40204516820524,-51.85871183487191,16.945378501538574,279
LDL cholesterol (BT),LDL cholesterol,predicted_baseline,Q1,70,-6.888928571428571,33.364026772117015,-40.25295534354559,26.475098200688443,279
LDL cholesterol (BT),LDL cholesterol,predicted_baseline,Q2,70,-4.317500000000006,24.67161794828199,-28.989117948281997,20.354117948281985,279
LDL cholesterol (BT),LDL cholesterol,predicted_baseline,Q3,69,-3.8820772946859905,24.187279701933385,-28.069356996619376,20.305202407247393,279
LDL cholesterol (BT),LDL cholesterol,predicted_baseline,Q4,70,-4.241666666666669,24.41658884424788,-28.65825551091455,20.17492217758121,279
Liver attenuation (US),Liver attenuation,measured_baseline,Q1,1085,0.10253005912395319,0.10746488281489217,-0.0049348236909389775,0.20999494193884535,4339
Liver attenuation (US),Liver attenuation,measured_baseline,Q2,1086,0.028661141804788213,0.11251985713205317,-0.08385871532726497,0.14118099893684138,4339
Liver attenuation (US),Liver attenuation,measured_baseline,Q3,1087,-0.03691536338546458,0.1164034634824513,-0.15331882686791587,0.07948810009698673,4339
Liver attenuation (US),Liver attenuation,measured_baseline,Q4,1081,-0.1433342989768922,0.13972951170354717,-0.2830638106804394,-0.0036047872733450392,4339
Liver attenuation (US),Liver attenuation,predicted_baseline,Q1,1085,-0.00025067660756934203,0.14548527445367765,-0.14573595106124698,0.14523459784610832,4339
Liver attenuation (US),Liver attenuation,predicted_baseline,Q2,1085,-0.008261841722305931,0.14197343827043993,-0.15023527999274586,0.133711596548134,4339
Liver attenuation (US),Liver attenuation,predicted_baseline,Q3,1084,-0.019897677479626074,0.15495030488954753,-0.1748479823691736,0.13505262740992147,4339
Liver attenuation (US),Liver attenuation,predicted_baseline,Q4,1085,-0.020179814072536346,0.1557749969226448,-0.17595481099518115,0.13559518285010844,4339
Liver elasticity (US),Liver elasticity,measured_baseline,Q1,1095,0.5257990867579909,0.798701686318865,-0.27290259956087404,1.3245007730768559,4344
Liver elasticity (US),Liver elasticity,measured_baseline,Q2,1088,0.11557973300476027,0.837018533815719,-0.7214388008109587,0.9525982668204793,4344
Liver elasticity (US),Liver elasticity,measured_baseline,Q3,1078,-0.12878200553180263,1.028969473556282,-1.1577514790880845,0.9001874680244794,4344
Liver elasticity (US),Liver elasticity,measured_baseline,Q4,1083,-0.8449160913359686,1.2535097624696114,-2.0984258538055798,0.40859367113364287,4344
Liver elasticity (US),Liver elasticity,predicted_baseline,Q1,1086,-0.14597551005360299,1.0320142952131943,-1.1779898052667974,0.8860387851595913,4344
Liver elasticity (US),Liver elasticity,predicted_baseline,Q2,1086,-0.07265811485845294,1.0388711345032227,-1.1115292493616755,0.9662130196447697,4344
Liver elasticity (US),Liver elasticity,predicted_baseline,Q3,1086,-0.07411037580750933,1.1476729448821914,-1.2217833206897006,1.0735625690746822,4344
Liver elasticity (US),Liver elasticity,predicted_baseline,Q4,1086,-0.03172227862754166,1.2206135218186127,-1.2523358004461544,1.188891243191071,4344
Liver sound speed (US),Liver sound speed,measured_baseline,Q1,1448,26.24114900960415,36.46769073515998,-10.226541725555826,62.70883974476413,4360
Liver sound speed (US),Liver sound speed,measured_baseline,Q2,1295,11.606177606177607,32.766080571167684,-21.159902964990078,44.37225817734529,4360
Liver sound speed (US),Liver sound speed,measured_baseline,Q3,621,6.264090177133656,32.92054680519668,-26.656456628063022,39.18463698233033,4360
Liver sound speed (US),Liver sound speed,measured_baseline,Q4,996,-10.238243163756334,36.21714771281627,-46.45539087657261,25.978904549059937,4360
Liver sound speed (US),Liver sound speed,predicted_baseline,Q1,1090,7.000540600709119,37.20976251951944,-30.209221918810318,44.21030312022856,4360
Liver sound speed (US),Liver sound speed,predicted_baseline,Q2,1090,12.292314395329168,37.95781274972161,-25.665498354392444,50.25012714505078,4360
Liver sound speed (US),Liver sound speed,predicted_baseline,Q3,1090,8.936405164333731,36.32176473640056,-27.38535957206683,45.25816990073429,4360
Liver sound speed (US),Liver sound speed,predicted_baseline,Q4,1090,14.63302752293578,37.5916780912533,-22.95865056831752,52.22470561418908,4360
Liver viscosity (US),Liver viscosity,measured_baseline,Q1,1155,0.12736333153074741,0.19855322289388025,-0.07118989136313283,0.32591655442462764,4356
Liver viscosity (US),Liver viscosity,measured_baseline,Q2,1082,0.0014232902033271633,0.19910904262217574,-0.1976857524188486,0.2005323328255029,4356
Liver viscosity (US),Liver viscosity,measured_baseline,Q3,1036,-0.09748040942468487,0.21729620092604604,-0.3147766103507309,0.11981579150136117,4356
Liver viscosity (US),Liver viscosity,measured_baseline,Q4,1083,-0.3112042496018516,0.2910779546329012,-0.6022822042347529,-0.02012629496895041,4356
Liver viscosity (US),Liver viscosity,predicted_baseline,Q1,1089,-0.08430489846445198,0.28713045516733393,-0.3714353536317859,0.20282555670288194,4356
Liver viscosity (US),Liver viscosity,predicted_baseline,Q2,1089,-0.07208587458733705,0.27130540962084115,-0.3433912842081782,0.1992195350335041,4356
Liver viscosity (US),Liver viscosity,predicted_baseline,Q3,1089,-0.058817133699275236,0.2903153254951298,-0.349132459194405,0.23149819179585454,4356
Liver viscosity (US),Liver viscosity,predicted_baseline,Q4,1089,-0.050521439956709456,0.2727427475874947,-0.32326418754420416,0.22222130763078526,4356
Mean Oxygen Saturation (SM),Mean Oxygen Saturation,measured_baseline,Q1,956,-0.0728220235591026,0.8497837893744847,-0.9226058129335873,0.7769617658153821,3779
Mean Oxygen Saturation (SM),Mean Oxygen Saturation,measured_baseline,Q2,944,-0.2963450013608164,0.7549164935763484,-1.0512614949371648,0.458571492215532,3779
Mean Oxygen Saturation (SM),Mean Oxygen Saturation,measured_baseline,Q3,1363,-0.5112245369433713,0.70323103590605,-1.2144555728494213,0.19200649896267863,3779
Mean Oxygen Saturation (SM),Mean Oxygen Saturation,measured_baseline,Q4,516,-0.7457318198597223,0.6029698204052747,-1.348701640264997,-0.14276199945444756,3779
Mean Oxygen Saturation (SM),Mean Oxygen Saturation,predicted_baseline,Q1,945,-0.3107286649339679,0.8300687906665369,-1.140797455600505,0.519340125732569,3779
Mean Oxygen Saturation (SM),Mean Oxygen Saturation,predicted_baseline,Q2,945,-0.3650043132911542,0.7753473457461233,-1.1403516590372775,0.4103430324549691,3779
Mean Oxygen Saturation (SM),Mean Oxygen Saturation,predicted_baseline,Q3,944,-0.3842566223073083,0.7736974519580437,-1.157954074265352,0.38944082965073545,3779
Mean Oxygen Saturation (SM),Mean Oxygen Saturation,predicted_baseline,Q4,945,-0.4546648495531273,0.7165584690331223,-1.1712233185862495,0.26189361947999495,3779
Median Daily Sodium,Median Daily Sodium,measured_baseline,Q1,1084,0.2041634621778731,0.5065885912789839,-0.30242512910111086,0.710752053456857,4333
Median Daily Sodium,Median Daily Sodium,measured_baseline,Q2,1083,0.09637176391290081,0.33180418287564556,-0.23543241896274475,0.42817594678854637,4333
Median Daily Sodium,Median Daily Sodium,measured_baseline,Q3,1083,0.038522435211264056,0.32464353795014667,-0.2861211027388826,0.36316597316141075,4333
Median Daily Sodium,Median Daily Sodium,measured_baseline,Q4,1083,-0.0967307238856072,0.9554196595452502,-1.0521503834308574,0.858688935659643,4333
Median Daily Sodium,Median Daily Sodium,predicted_baseline,Q1,1084,0.048217612211431844,0.3532791912205842,-0.3050615790091524,0.40149680343201605,4333
Median Daily Sodium,Median Daily Sodium,predicted_baseline,Q2,1083,0.06750012025077941,0.5312284296572003,-0.4637283094064209,0.5987285499079797,4333
Median Daily Sodium,Median Daily Sodium,predicted_baseline,Q3,1083,0.07358903979115665,0.9295706895768457,-0.8559816497856891,1.0031597293680024,4333
Median Daily Sodium,Median Daily Sodium,predicted_baseline,Q4,1083,0.053164159484361505,0.40090410210727184,-0.34773994262291036,0.4540682615916333,4333
Median daily caloric intake (DL),Median daily caloric intake,measured_baseline,Q1,1084,-13.50642555111347,324.1012159961334,-337.6076415472469,310.59479044501995,4333
Median daily caloric intake (DL),Median daily caloric intake,measured_baseline,Q2,1083,-159.31051049146282,371.0497819311893,-530.360292422652,211.73927143972645,4333
Median daily caloric intake (DL),Median daily caloric intake,measured_baseline,Q3,1083,-278.8910823932803,396.8209241003858,-675.7120064936662,117.92984170710548,4333
Median daily caloric intake (DL),Median daily caloric intake,measured_baseline,Q4,1083,-521.5824536000349,553.1418927256361,-1074.724346325671,31.559439125601216,4333
Median daily caloric intake (DL),Median daily caloric intake,predicted_baseline,Q1,1084,-190.84217530912713,427.12465916484354,-617.9668344739707,236.2824838557164,4333
Median daily caloric intake (DL),Median daily caloric intake,predicted_baseline,Q2,1083,-205.81745782907535,432.96041364718974,-638.7778714762651,227.1429558181144,4333
Median daily caloric intake (DL),Median daily caloric intake,predicted_baseline,Q3,1083,-265.7055203943557,452.133818698927,-717.8393390932827,186.42829830457129,4333
Median daily caloric intake (DL),Median daily caloric intake,predicted_baseline,Q4,1083,-310.76157358204256,511.1641360418511,-821.9257096238937,200.40256245980856,4333
Median daily carbohydrate caloric intake  (DL),Median daily carbohydrate caloric intake,measured_baseline,Q1,1084,0.024847330779541814,0.08703724845681148,-0.06218991767726966,0.11188457923635328,4333
Median daily carbohydrate caloric intake  (DL),Median daily carbohydrate caloric intake,measured_baseline,Q2,1083,-0.007116172994583176,0.0860855341707742,-0.09320170716535738,0.07896936117619104,4333
Median daily carbohydrate caloric intake  (DL),Median daily carbohydrate caloric intake,measured_baseline,Q3,1083,-0.027410438655354922,0.07911547393559386,-0.10652591259094878,0.05170503528023894,4333
Median daily carbohydrate caloric intake  (DL),Median daily carbohydrate caloric intake,measured_baseline,Q4,1083,-0.053487339191068344,0.08892119550154892,-0.14240853469261727,0.03543385631048058,4333
Median daily carbohydrate caloric intake  (DL),Median daily carbohydrate caloric intake,predicted_baseline,Q1,1084,-0.015390486000682642,0.09376905623757834,-0.10915954223826098,0.07837857023689569,4333
Median daily carbohydrate caloric intake  (DL),Median daily carbohydrate caloric intake,predicted_baseline,Q2,1083,-0.019815752359669658,0.09188890851738787,-0.11170466087705753,0.07207315615771821,4333
Median daily carbohydrate caloric intake  (DL),Median daily carbohydrate caloric intake,predicted_baseline,Q3,1083,-0.014592422005104804,0.08776639224965814,-0.10235881425476294,0.07317397024455334,4333
Median daily carbohydrate caloric intake  (DL),Median daily carbohydrate caloric intake,predicted_baseline,Q4,1083,-0.013330805663892822,0.08646160363353571,-0.09979240929742852,0.07313079796964289,4333
Median daily lipid caloric intake(DL),Median daily lipid caloric intake,measured_baseline,Q1,1084,0.04391127555411102,0.07462541880039865,-0.03071414324628763,0.11853669435450967,4333
Median daily lipid caloric intake(DL),Median daily lipid caloric intake,measured_baseline,Q2,1083,0.01710249000399028,0.06784318289823178,-0.050740692894241504,0.08494567290222206,4333
Median daily lipid caloric intake(DL),Median daily lipid caloric intake,measured_baseline,Q3,1083,-0.0042192163880611306,0.06615016331273614,-0.07036937970079728,0.06193094692467501,4333
Median daily lipid caloric intake(DL),Median daily lipid caloric intake,measured_baseline,Q4,1083,-0.032239454910655406,0.0800381634705385,-0.1122776183811939,0.0477987085598831,4333
Median daily lipid caloric intake(DL),Median daily lipid caloric intake,predicted_baseline,Q1,1084,0.005272562857676904,0.07548623730087135,-0.07021367444319444,0.08075880015854826,4333
Median daily lipid caloric intake(DL),Median daily lipid caloric intake,predicted_baseline,Q2,1083,0.006429813819221375,0.07342735525747986,-0.06699754143825848,0.07985716907670123,4333
Median daily lipid caloric intake(DL),Median daily lipid caloric intake,predicted_baseline,Q3,1083,0.007410530838841769,0.07812426297068076,-0.07071373213183899,0.08553479380952253,4333
Median daily lipid caloric intake(DL),Median daily lipid caloric intake,predicted_baseline,Q4,1083,0.0054778642253588685,0.08299874390620562,-0.07752087968084675,0.0884766081315645,4333
Median daily protein caloric intake  (DL),Median daily protein caloric intake,measured_baseline,Q1,1084,0.021802263504548912,0.03746803934834371,-0.015665775843794798,0.05927030285289262,4333
Median daily protein caloric intake  (DL),Median daily protein caloric intake,measured_baseline,Q2,1083,0.013508071879063152,0.037027393049361514,-0.02351932117029836,0.050535464928424666,4333
Median daily protein caloric intake  (DL),Median daily protein caloric intake,measured_baseline,Q3,1083,0.0085447430422052,0.0375879368428759,-0.029043193800670705,0.0461326798850811,4333
Median daily protein caloric intake  (DL),Median daily protein caloric intake,measured_baseline,Q4,1083,-0.006691701865357476,0.04837447330839487,-0.05506617517375235,0.0416827714430374,4333
Median daily protein caloric intake  (DL),Median daily protein caloric intake,predicted_baseline,Q1,1084,0.008056975001945507,0.03724114681831462,-0.029184171816369113,0.04529812182026013,4333
Median daily protein caloric intake  (DL),Median daily protein caloric intake,predicted_baseline,Q2,1083,0.007704767020629777,0.0397905345987643,-0.03208576757813452,0.047495301619394074,4333
Median daily protein caloric intake  (DL),Median daily protein caloric intake,predicted_baseline,Q3,1083,0.010547390873082966,0.045805360423697025,-0.03525796955061406,0.05635275129677999,4333
Median daily protein caloric intake  (DL),Median daily protein caloric intake,predicted_baseline,Q4,1083,0.01086693552860819,0.04338514655187461,-0.03251821102326642,0.054252082080482794,4333
Neck Circumference,Neck Circumference,measured_baseline,Q1,542,0.2780442677740682,1.6569847181475643,-1.378940450373496,1.9350289859216325,1791
Neck Circumference,Neck Circumference,measured_baseline,Q2,446,-0.34663673366666387,2.1826743040065786,-2.5293110376732426,1.8360375703399148,1791
Neck Circumference,Neck Circumference,measured_baseline,Q3,409,-0.5114914537350531,2.0453893596463906,-2.5568808133814436,1.5338979059113376,1791
Neck Circumference,Neck Circumference,measured_baseline,Q4,394,-1.3614213139877707,2.3504715664428937,-3.711892880430664,0.989050252455123,1791
Neck Circumference,Neck Circumference,predicted_baseline,Q1,448,-0.3600446241242546,1.8996377718491833,-2.259682395973438,1.5395931477249287,1791
Neck Circumference,Neck Circumference,predicted_baseline,Q2,448,-0.41651784096445343,1.9623056966557018,-2.378823537620155,1.5457878556912483,1791
Neck Circumference,Neck Circumference,predicted_baseline,Q3,447,-0.5353467544453258,2.3472058778047535,-2.8825526322500794,1.8118591233594277,1791
Neck Circumference,Neck Circumference,predicted_baseline,Q4,448,-0.36227680529866907,2.2693821102809855,-2.6316589155796546,1.9071053049823163,1791
ODI (SM),ODI,measured_baseline,Q1,932,0.6056496128450967,1.3415776592391317,-0.7359280463940351,1.9472272720842283,3728
ODI (SM),ODI,measured_baseline,Q2,932,0.7531225097219474,1.9651040261520003,-1.211981516430053,2.7182265358739475,3728
ODI (SM),ODI,measured_baseline,Q3,932,0.6772275937076091,2.7833591542639367,-2.1061315605563276,3.4605867479715458,3728
ODI (SM),ODI,measured_baseline,Q4,932,-0.7939862978313282,4.738059445166034,-5.5320457429973615,3.9440731473347053,3728
ODI (SM),ODI,predicted_baseline,Q1,932,0.44139784628910683,1.6748596278700938,-1.233461781580987,2.116257474159201,3728
ODI (SM),ODI,predicted_baseline,Q2,932,0.399319501902621,2.3699153891612705,-1.9705958872586495,2.7692348910638915,3728
ODI (SM),ODI,predicted_baseline,Q3,932,0.5421954722637014,3.3075636009423977,-2.765368128678696,3.849759073206099,3728
ODI (SM),ODI,predicted_baseline,Q4,932,-0.14089940201210463,4.225224766257752,-4.366124168269857,4.084325364245648,3728
Platelet count (BT),Platelet count,measured_baseline,Q1,1060,4.680454851752022,22.405347975139613,-17.72489312338759,27.085802826891634,4202
Platelet count (BT),Platelet count,measured_baseline,Q2,1041,0.9494446731622529,25.272789847907237,-24.323345174744983,26.222234521069492,4202
Platelet count (BT),Platelet count,measured_baseline,Q3,1062,-3.0862197710220305,29.44734247147116,-32.53356224249319,26.36112270044913,4202
Platelet count (BT),Platelet count,measured_baseline,Q4,1039,-11.618189231315048,35.4111762747594,-47.02936550607445,23.79298704344435,4202
Platelet count (BT),Platelet count,predicted_baseline,Q1,1051,-3.347197680213856,28.285434398796475,-31.63263207901033,24.93823671858262,4202
Platelet count (BT),Platelet count,predicted_baseline,Q2,1050,-2.0516099017384737,28.676188240050458,-30.72779814178893,26.624578338311984,4202
Platelet count (BT),Platelet count,predicted_baseline,Q3,1050,-2.241029828095952,29.022269818374976,-31.263299646470927,26.781239990279026,4202
Platelet count (BT),Platelet count,predicted_baseline,Q4,1051,-1.3073582134269965,30.589903929802148,-31.897262143229145,29.28254571637515,4202
RDI (SM),RDI,measured_baseline,Q1,946,2.5586554787116964,4.669196564590875,-2.1105410858791784,7.227852043302571,3777
RDI (SM),RDI,measured_baseline,Q2,943,1.672014777607033,5.90031626786419,-4.228301490257157,7.5723310454712225,3777
RDI (SM),RDI,measured_baseline,Q3,944,0.06709873489084152,6.441769523987963,-6.374670789097122,6.508868258878804,3777
RDI (SM),RDI,measured_baseline,Q4,944,-3.3737252106944937,9.037303492309821,-12.411028703004314,5.663578281615328,3777
RDI (SM),RDI,predicted_baseline,Q1,945,1.8022744258086725,4.946486611830859,-3.1442121860221866,6.7487610376395315,3777
RDI (SM),RDI,predicted_baseline,Q2,944,1.1114503122167865,6.39974984883725,-5.288299536620464,7.511200161054036,3777
RDI (SM),RDI,predicted_baseline,Q3,944,0.11440331346141862,6.829614226942399,-6.7152109134809805,6.944017540403818,3777
RDI (SM),RDI,predicted_baseline,Q4,944,-2.102343781825606,8.918072544700934,-11.02041632652654,6.815728762875327,3777
Rem Latency,REM latency,measured_baseline,Q1,957,1199.4296429643616,1708.5495882757914,-509.1199453114298,2907.9792312401532,3803
Rem Latency,REM latency,measured_baseline,Q2,948,683.4072343258562,1912.9887355525445,-1229.5815012266885,2596.3959698784006,3803
Rem Latency,REM latency,measured_baseline,Q3,947,-35.216704188764595,2122.1043796192344,-2157.321083807999,2086.8876754304697,3803
Rem Latency,REM latency,measured_baseline,Q4,951,-2140.743982383342,2837.583637864401,-4978.327620247743,696.8396554810593,3803
Rem Latency,REM latency,predicted_baseline,Q1,951,26.689156292053774,2117.600014064222,-2090.910857772168,2144.2891703562755,3803
Rem Latency,REM latency,predicted_baseline,Q2,951,101.98181022034012,2351.4452091474654,-2249.463398927125,2453.4270193678058,3803
Rem Latency,REM latency,predicted_baseline,Q3,950,-126.87755663607264,2664.345549452407,-2791.2231060884797,2537.467992816334,3803
Rem Latency,REM latency,predicted_baseline,Q4,951,-289.4909884379919,2900.0049812025463,-3189.495969640538,2610.5139927645546,3803
Saturated Fat,Saturated Fat,measured_baseline,Q1,1084,1.463696407841286,6.396703175034644,-4.933006767193358,7.86039958287593,4333
Saturated Fat,Saturated Fat,measured_baseline,Q2,1083,-1.170446339128963,6.010416059236759,-7.180862398365722,4.839969720107796,4333
Saturated Fat,Saturated Fat,measured_baseline,Q3,1083,-3.4826480115738785,6.854160907046289,-10.336808918620168,3.3715128954724105,4333
Saturated Fat,Saturated Fat,measured_baseline,Q4,1083,-8.016244017993943,9.919213624996555,-17.9354576429905,1.9029696070026123,4333
Saturated Fat,Saturated Fat,predicted_baseline,Q1,1084,-2.1676423724847127,7.085388380625273,-9.253030753109986,4.9177460081405595,4333
Saturated Fat,Saturated Fat,predicted_baseline,Q2,1083,-2.3871153167948775,8.061264041627108,-10.448379358421986,5.67414872483223,4333
Saturated Fat,Saturated Fat,predicted_baseline,Q3,1083,-3.018189495186558,8.605115888203589,-11.623305383390147,5.5869263930170305,4333
Saturated Fat,Saturated Fat,predicted_baseline,Q4,1083,-3.6293417396577445,8.96849945754863,-12.597841197206375,5.339157717890885,4333
Scanned VAT mass (DXA),Scanned VAT mass,measured_baseline,Q1,951,0.06127706779774946,0.22496131171057268,-0.1636842439128232,0.28623837950832215,3804
Scanned VAT mass (DXA),Scanned VAT mass,measured_baseline,Q2,951,0.033229299886686645,0.20431084773601557,-0.17108154784932894,0.2375401476227022,3804
Scanned VAT mass (DXA),Scanned VAT mass,measured_baseline,Q3,951,0.02131918409332808,0.28517090639390646,-0.2638517223005784,0.3064900904872345,3804
Scanned VAT mass (DXA),Scanned VAT mass,measured_baseline,Q4,951,-0.09427943089154397,0.49737153837554604,-0.59165096926709,0.40309210748400204,3804
Scanned VAT mass (DXA),Scanned VAT mass,predicted_baseline,Q1,951,0.00564043530679626,0.2930592191752341,-0.28741878386843783,0.29869965448203034,3804
Scanned VAT mass (DXA),Scanned VAT mass,predicted_baseline,Q2,951,0.02402641784253892,0.29390020770919045,-0.26987378986665156,0.31792662555172935,3804
Scanned VAT mass (DXA),Scanned VAT mass,predicted_baseline,Q3,951,0.013487596192051244,0.33727826978431713,-0.3237906735922659,0.3507658659763684,3804
Scanned VAT mass (DXA),Scanned VAT mass,predicted_baseline,Q4,951,-0.02160832845516622,0.3846968017566948,-0.406305130211861,0.3630884733015286,3804
Sitting BP diastolic,Sitting BP diastolic,measured_baseline,Q1,1456,-1.6380494505494505,8.2498048320324,-9.88785428258185,6.611755381482949,5157
Sitting BP diastolic,Sitting BP diastolic,measured_baseline,Q2,1201,-4.496253122398001,8.479103389070232,-12.975356511468235,3.982850266672231,5157
Sitting BP diastolic,Sitting BP diastolic,measured_baseline,Q3,1269,-5.6879432624113475,8.608393377359393,-14.29633663977074,2.9204501149480455,5157
Sitting BP diastolic,Sitting BP diastolic,measured_baseline,Q4,1231,-8.88302193338749,10.227062582769124,-19.11008451615661,1.3440406493816344,5157
Sitting BP diastolic,Sitting BP diastolic,predicted_baseline,Q1,1290,-5.292248062015504,9.099434439693542,-14.391682501709045,3.807186377678039,5157
Sitting BP diastolic,Sitting BP diastolic,predicted_baseline,Q2,1289,-5.003878975950349,8.970923554122688,-13.974802530073038,3.967044578172339,5157
Sitting BP diastolic,Sitting BP diastolic,predicted_baseline,Q3,1289,-4.916989914662529,8.973655279148936,-13.890645193811466,4.056665364486407,5157
Sitting BP diastolic,Sitting BP diastolic,predicted_baseline,Q4,1289,-4.905352986811482,10.03118015791522,-14.936533144726702,5.1258271711037375,5157
Sitting BP systolic,Sitting BP systolic,measured_baseline,Q1,1360,3.8875,11.281982989554647,-7.394482989554647,15.169482989554648,5157
Sitting BP systolic,Sitting BP systolic,measured_baseline,Q2,1334,0.2983508245877061,12.241054004032618,-11.942703179444912,12.539404828620324,5157
Sitting BP systolic,Sitting BP systolic,measured_baseline,Q3,1232,-1.9870129870129871,12.676368830724703,-14.66338181773769,10.689355843711716,5157
Sitting BP systolic,Sitting BP systolic,measured_baseline,Q4,1231,-7.823720552396425,14.486291455371719,-22.310012007768144,6.662570902975293,5157
Sitting BP systolic,Sitting BP systolic,predicted_baseline,Q1,1290,-1.248062015503876,11.816302139049355,-13.064364154553232,10.568240123545479,5157
Sitting BP systolic,Sitting BP systolic,predicted_baseline,Q2,1289,-1.103956555469356,13.114760715286769,-14.218717270756125,12.010804159817413,5157
Sitting BP systolic,Sitting BP systolic,predicted_baseline,Q3,1289,-1.5019394879751746,13.565639972016532,-15.067579459991707,12.063700484041357,5157
Sitting BP systolic,Sitting BP systolic,predicted_baseline,Q4,1289,-1.1055081458494957,14.821286597558256,-15.926794743407752,13.71577845170876,5157
SleepEfficiancy,Sleep Efficiency,measured_baseline,Q1,964,1.6559504390392332,5.1539901854606684,-3.4980397464214352,6.809940624499902,3856
SleepEfficiancy,Sleep Efficiency,measured_baseline,Q2,964,-0.44015137392715475,3.8587149513107275,-4.298866325237882,3.4185635773835727,3856
SleepEfficiancy,Sleep Efficiency,measured_baseline,Q3,964,-1.1391590393723512,3.575251322525039,-4.71441036189739,2.4360922831526874,3856
SleepEfficiancy,Sleep Efficiency,measured_baseline,Q4,964,-1.9712095206058393,2.9927057086659286,-4.963915229271768,1.0214961880600892,3856
SleepEfficiancy,Sleep Efficiency,predicted_baseline,Q1,964,0.37666704294880793,5.013992508141014,-4.637325465192205,5.390659551089822,3856
SleepEfficiancy,Sleep Efficiency,predicted_baseline,Q2,964,-0.49044153190407663,4.162233675496719,-4.6526752074007955,3.671792143592642,3856
SleepEfficiancy,Sleep Efficiency,predicted_baseline,Q3,964,-0.8848394421704547,3.8795616895749614,-4.764401131745416,2.9947222474045065,3856
SleepEfficiancy,Sleep Efficiency,predicted_baseline,Q4,964,-0.8959555637403885,3.440094643653163,-4.336050207393551,2.5441390799127745,3856
Total Bone Density,Total Bone Density,measured_baseline,Q1,1030,0.0010989005728155345,0.03292245278753813,-0.03182355221472259,0.03402135336035367,4120
Total Bone Density,Total Bone Density,measured_baseline,Q2,1030,-0.00020033582912621183,0.03395237361785775,-0.03415270944698397,0.03375203778873154,4120
Total Bone Density,Total Bone Density,measured_baseline,Q3,1030,0.003036341805825243,0.03422399660176832,-0.031187654795943077,0.03726033840759357,4120
Total Bone Density,Total Bone Density,measured_baseline,Q4,1030,0.0027550324000000046,0.03584842854478647,-0.033093396144786465,0.03860346094478647,4120
Total Bone Density,Total Bone Density,predicted_baseline,Q1,1030,-0.0054603769601941745,0.03224231148755419,-0.037702688447748364,0.026781934527360014,4120
Total Bone Density,Total Bone Density,predicted_baseline,Q2,1030,0.0005023118786407809,0.03293957663847261,-0.03243726475983183,0.0334418885171134,4120
Total Bone Density,Total Bone Density,predicted_baseline,Q3,1030,0.004659489953398058,0.034486512479528046,-0.02982702252612999,0.039146002432926104,4120
Total Bone Density,Total Bone Density,predicted_baseline,Q4,1030,0.006988514077669907,0.03600694781069243,-0.02901843373302252,0.042995461888362334,4120
Total Sleep Time (SM),Total Sleep Time,measured_baseline,Q1,967,0.2973365861678386,1.25812843740244,-0.9607918512346014,1.5554650235702785,3867
Total Sleep Time (SM),Total Sleep Time,measured_baseline,Q2,967,-0.15260817946235378,1.0518719895275555,-1.2044801689899092,0.8992638100652017,3867
Total Sleep Time (SM),Total Sleep Time,measured_baseline,Q3,966,-0.3345255567065941,0.962173760758043,-1.296699317464637,0.6276482040514488,3867
Total Sleep Time (SM),Total Sleep Time,measured_baseline,Q4,967,-0.6896286760807115,1.0348374397718867,-1.7244661158525982,0.34520876369117515,3867
Total Sleep Time (SM),Total Sleep Time,predicted_baseline,Q1,967,-0.19209654876787222,1.2223351692186608,-1.414431717986533,1.0302386204507885,3867
Total Sleep Time (SM),Total Sleep Time,predicted_baseline,Q2,967,-0.18468418838539297,1.093642560696898,-1.278326749082291,0.9089583723115051,3867
Total Sleep Time (SM),Total Sleep Time,predicted_baseline,Q3,966,-0.23155412417665588,1.1578029879476304,-1.3893571121242863,0.9262488637709745,3867
Total Sleep Time (SM),Total Sleep Time,predicted_baseline,Q4,967,-0.2709844792994385,1.075799948324543,-1.3467844276239815,0.8048154690251046,3867
Total Wake Time (SM),Total Wake Time,measured_baseline,Q1,967,0.1098593813292555,0.17829735806264801,-0.06843797673339251,0.2881567393919035,3866
Total Wake Time (SM),Total Wake Time,measured_baseline,Q2,977,0.0576736938654941,0.2442494650493609,-0.1865757711838668,0.301923158914855,3866
Total Wake Time (SM),Total Wake Time,measured_baseline,Q3,956,-0.024052495784840384,0.252152207749314,-0.2762047035341544,0.22809971196447362,3866
Total Wake Time (SM),Total Wake Time,measured_baseline,Q4,966,-0.16857542289960353,0.33368958470986815,-0.5022650076094717,0.16511416181026461,3866
Total Wake Time (SM),Total Wake Time,predicted_baseline,Q1,967,0.04165853824650457,0.22090888225459512,-0.17925034400809056,0.2625674205010997,3866
Total Wake Time (SM),Total Wake Time,predicted_baseline,Q2,966,0.021006715486070887,0.24908402504235042,-0.22807730955627953,0.2700907405284213,3866
Total Wake Time (SM),Total Wake Time,predicted_baseline,Q3,966,-0.011597345269661163,0.29230096967123964,-0.3038983149409008,0.2807036244015785,3866
Total Wake Time (SM),Total Wake Time,predicted_baseline,Q4,967,-0.07510866799665808,0.32634416135136884,-0.40145282934802695,0.25123549335471074,3866
Total cholesterol (BT),Total cholesterol,measured_baseline,Q1,253,9.090573122529644,24.201680106212397,-15.111106983682753,33.29225322874204,1010
Total cholesterol (BT),Total cholesterol,measured_baseline,Q2,252,3.588128306878308,24.428227966708434,-20.840099659830127,28.01635627358674,1010
Total cholesterol (BT),Total cholesterol,measured_baseline,Q3,252,-2.1446759259259247,25.41566750773173,-27.560343433657653,23.270991581805806,1010
Total cholesterol (BT),Total cholesterol,measured_baseline,Q4,253,-13.364380386344864,37.76217308247232,-51.126553468817185,24.39779269612746,1010
Total cholesterol (BT),Total cholesterol,predicted_baseline,Q1,253,-2.374077733860342,29.6481846322834,-32.02226236614374,27.274106898423057,1010
Total cholesterol (BT),Total cholesterol,predicted_baseline,Q2,252,0.33431916238657144,31.12425530707745,-30.78993614469088,31.458574469464022,1010
Total cholesterol (BT),Total cholesterol,predicted_baseline,Q3,252,-1.0438161375661388,30.053826694084925,-31.097642831651065,29.010010556518786,1010
Total cholesterol (BT),Total cholesterol,predicted_baseline,Q4,253,0.24471014492753812,27.906344476891217,-27.66163433196368,28.151054621818755,1010
Total fat mass (DXA),Total fat mass,measured_baseline,Q1,1021,778.5233905554887,2430.167736222245,-1651.6443456667562,3208.6911267777336,4081
Total fat mass (DXA),Total fat mass,measured_baseline,Q2,1020,347.9845231706314,2744.0395263474566,-2396.0550031768253,3092.024049518088,4081
Total fat mass (DXA),Total fat mass,measured_baseline,Q3,1020,-131.11399930378735,3411.5122468224654,-3542.6262461262527,3280.398247518678,4081
Total fat mass (DXA),Total fat mass,measured_baseline,Q4,1020,-1024.1212957662333,4745.953582418043,-5770.074878184276,3721.8322866518097,4081
Total fat mass (DXA),Total fat mass,predicted_baseline,Q1,1021,319.23944279281983,2947.9974789221324,-2628.7580361293126,3267.236921714952,4081
Total fat mass (DXA),Total fat mass,predicted_baseline,Q2,1020,148.38356589000588,3182.6351500735454,-3034.2515841835398,3331.018715963551,4081
Total fat mass (DXA),Total fat mass,predicted_baseline,Q3,1020,-170.70974061694773,3590.3036816045737,-3761.0134222215215,3419.593940987626,4081
Total fat mass (DXA),Total fat mass,predicted_baseline,Q4,1020,-325.19037102961903,4173.904146935713,-4499.094517965332,3848.7137759060934,4081
Triglycerides (BT),Triglycerides,measured_baseline,Q1,259,8.538712181442138,25.062402566022726,-16.52369038458059,33.60111474746486,1012
Triglycerides (BT),Triglycerides,measured_baseline,Q2,248,3.4279569892473116,27.370893850533633,-23.94293686128632,30.798850839780947,1012
Triglycerides (BT),Triglycerides,measured_baseline,Q3,253,-1.0268387813168103,34.84024869804188,-35.867087479358695,33.81340991672507,1012
Triglycerides (BT),Triglycerides,measured_baseline,Q4,252,-29.30083651788717,51.01622428189668,-80.31706079978386,21.715387764009513,1012
Triglycerides (BT),Triglycerides,predicted_baseline,Q1,253,-1.2582345191040845,34.754780691431634,-36.01301521053572,33.49654617232755,1012
Triglycerides (BT),Triglycerides,predicted_baseline,Q2,253,-2.148752361715626,39.01755844881234,-41.16631081052796,36.868806087096715,1012
Triglycerides (BT),Triglycerides,predicted_baseline,Q3,253,-3.6456715184325046,38.6054558290401,-42.25112734747261,34.959784310607596,1012
Triglycerides (BT),Triglycerides,predicted_baseline,Q4,253,-11.057781228628707,42.03181571451578,-53.089596943144485,30.974034485887074,1012
Vessel density (FI),Vessel density,measured_baseline,Q1,434,-0.004321403993678302,0.004746952346177089,-0.00906835633985539,0.0004255483524987875,1736
Vessel density (FI),Vessel density,measured_baseline,Q2,434,-0.005479184462819465,0.004400733938939513,-0.009879918401758978,-0.0010784505238799515,1736
Vessel density (FI),Vessel density,measured_baseline,Q3,434,-0.005980500480562609,0.004658018070004252,-0.010638518550566863,-0.001322482410558357,1736
Vessel density (FI),Vessel density,measured_baseline,Q4,434,-0.006893644794374872,0.00504683340307098,-0.011940478197445852,-0.0018468113913038924,1736
Vessel density (FI),Vessel density,predicted_baseline,Q1,434,-0.005793693511066136,0.00525932178870267,-0.011053015299768806,-0.0005343717223634664,1736
Vessel density (FI),Vessel density,predicted_baseline,Q2,434,-0.005638085214185006,0.004526380984956346,-0.010164466199141351,-0.0011117042292286602,1736
Vessel density (FI),Vessel density,predicted_baseline,Q3,434,-0.005710822556355515,0.004651017296121957,-0.010361839852477472,-0.0010598052602335583,1736
Vessel density (FI),Vessel density,predicted_baseline,Q4,434,-0.00553213244982859,0.00476517040522127,-0.010297302855049859,-0.00076696204460732,1736
WBC (BT),WBC,measured_baseline,Q1,1077,0.3468204669054252,0.8835597983734795,-0.5367393314680544,1.2303802652789047,4304
WBC (BT),WBC,measured_baseline,Q2,1077,0.04098260520665345,0.9032631993312118,-0.8622805941245584,0.9442458045378652,4304
WBC (BT),WBC,measured_baseline,Q3,1080,-0.17085985486096644,1.0702817101049749,-1.2411415649659414,0.8994218552440084,4304
WBC (BT),WBC,measured_baseline,Q4,1070,-0.6664959777199692,1.3116137219997122,-1.9781096997196812,0.645117744279743,4304
WBC (BT),WBC,predicted_baseline,Q1,1076,-0.0853267099550327,1.086146880179567,-1.1714735901345998,1.0008201702245343,4304
WBC (BT),WBC,predicted_baseline,Q2,1076,-0.10678133660642948,1.0974332064554986,-1.204214543061928,0.9906518698490691,4304
WBC (BT),WBC,predicted_baseline,Q3,1076,-0.11315347876549121,1.080374479061218,-1.1935279578267093,0.9672210002957268,4304
WBC (BT),WBC,predicted_baseline,Q4,1076,-0.14084946978968427,1.2039748372198789,-1.3448243070095631,1.0631253674301946,4304
Waist circumference,Waist circumference,measured_baseline,Q1,1357,1.5686809030981212,6.000924153359387,-4.432243250261266,7.569605056457508,5161
Waist circumference,Waist circumference,measured_baseline,Q2,1257,-0.34240255302726613,6.313093643945125,-6.655496196972392,5.9706910909178585,5161
Waist circumference,Waist circumference,measured_baseline,Q3,1392,-1.2612787279589424,6.671914107503963,-7.933192835462906,5.41063537954502,5161
Waist circumference,Waist circumference,measured_baseline,Q4,1155,-3.2198268081202652,7.8236286218553035,-11.04345542997557,4.603801813735038,5161
Waist circumference,Waist circumference,predicted_baseline,Q1,1291,-1.0553834237025561,6.934751865365043,-7.990135289067599,5.879368441662487,5161
Waist circumference,Waist circumference,predicted_baseline,Q2,1290,-0.9116278951482255,6.835749206585412,-7.747377101733637,5.924121311437187,5161
Waist circumference,Waist circumference,predicted_baseline,Q3,1290,-0.2850387602813485,6.849594496575872,-7.13463325685722,6.5645557362945235,5161
Waist circumference,Waist circumference,predicted_baseline,Q4,1290,-0.6744961169338966,7.000656650293347,-7.675152767227244,6.326160533359451,5161
bt__hemoglobin,Hemoglobin,measured_baseline,Q1,372,0.3738844086021505,0.649225564009767,-0.27534115540761656,1.0231099726119175,1484
bt__hemoglobin,Hemoglobin,measured_baseline,Q2,370,0.15281081081081063,0.5952217749716695,-0.4424109641608589,0.7480325857824801,1484
bt__hemoglobin,Hemoglobin,measured_baseline,Q3,392,0.11854591836734688,0.6155462946463596,-0.4970003762790127,0.7340922130137064,1484
bt__hemoglobin,Hemoglobin,measured_baseline,Q4,350,-0.057914285714285564,0.6877968802676669,-0.7457111659819525,0.6298825945533814,1484
bt__hemoglobin,Hemoglobin,predicted_baseline,Q1,371,0.1493126684636117,0.6519752725589104,-0.5026626040952987,0.8012879410225221,1484
bt__hemoglobin,Hemoglobin,predicted_baseline,Q2,371,0.15283018867924536,0.6463509386943328,-0.49352075001508744,0.7991811273735782,1484
bt__hemoglobin,Hemoglobin,predicted_baseline,Q3,371,0.1589218328840969,0.6316188312007823,-0.47269699831668543,0.7905406640848792,1484
bt__hemoglobin,Hemoglobin,predicted_baseline,Q4,371,0.13684636118598398,0.6876620403488352,-0.5508156791628511,0.8245084015348192,1484
eGFR (BT),eGFR,measured_baseline,Q1,295,0.3035132289902312,7.024376191993262,-6.720862963003031,7.327889420983493,1177
eGFR (BT),eGFR,measured_baseline,Q2,294,-1.8029040967578316,8.290970667765672,-10.093874764523504,6.48806657100784,1177
eGFR (BT),eGFR,measured_baseline,Q3,294,-3.92414553280686,8.724544669144048,-12.64869020195091,4.800399136337188,1177
eGFR (BT),eGFR,measured_baseline,Q4,294,-7.592758888676048,9.694499799295613,-17.28725868797166,2.101740910619565,1177
eGFR (BT),eGFR,predicted_baseline,Q1,295,-2.7286753856727364,8.429137545119486,-11.157812930792222,5.70046215944675,1177
eGFR (BT),eGFR,predicted_baseline,Q2,294,-3.1737111706591636,9.409158585819524,-12.582869756478688,6.23544741516036,1177
eGFR (BT),eGFR,predicted_baseline,Q3,294,-3.582398242322638,8.5942818406454,-12.176680082968037,5.011883598322761,1177
eGFR (BT),eGFR,predicted_baseline,Q4,294,-3.521196923879428,9.401880457376915,-12.923077381256343,5.880683533497487,1177
vat/fat,VAT/fat,measured_baseline,Q1,951,3.181053622182191e-06,1.9461270115138297e-05,-1.6280216492956107e-05,2.2642323737320488e-05,3804
vat/fat,VAT/fat,measured_baseline,Q2,951,7.753843734494371e-07,8.595770426137324e-06,-7.820386052687886e-06,9.371154799586761e-06,3804
vat/fat,VAT/fat,measured_baseline,Q3,951,1.1480955313882087e-07,8.898047328007888e-06,-8.783237774869068e-06,9.012856881146709e-06,3804
vat/fat,VAT/fat,measured_baseline,Q4,951,-3.6968125112914734e-06,2.6244016562569985e-05,-2.994082907386146e-05,2.254720405127851e-05,3804
vat/fat,VAT/fat,predicted_baseline,Q1,951,2.3362493636863082e-08,1.9106909144329426e-05,-1.9083546650692564e-05,1.913027163796629e-05,3804
vat/fat,VAT/fat,predicted_baseline,Q2,951,1.704758227656694e-07,1.3735240897642429e-05,-1.3564765074876759e-05,1.3905716720408098e-05,3804
vat/fat,VAT/fat,predicted_baseline,Q3,951,7.185177676857731e-07,2.3458365554817216e-05,-2.2739847787131442e-05,2.417688332250299e-05,3804
vat/fat,VAT/fat,predicted_baseline,Q4,951,-5.379210466093305e-07,1.1837048558443779e-05,-1.237496960505311e-05,1.1299127511834448e-05,3804
